{
  "certification_platforms": [
    "linux-x86_64-cpython3.11"
  ],
  "deployment_profile": "http1_baseline",
  "failure_reasons": [],
  "lane": "component_regression",
  "live_listener_required": false,
  "metrics": {
    "cpu_seconds": 0.0,
    "error_rate": 0.0,
    "handshake_latency_ms": 0.0,
    "p50_ms": 0.019577499983824964,
    "p95_ms": 0.029892449924773253,
    "p99_9_ms": 0.03870808883721112,
    "p99_ms": 0.037088889853293935,
    "protocol_stalls": 0,
    "rss_kib": 40004.0,
    "scheduler_rejections": 0,
    "throughput_ops_per_sec": 42856.653054918504,
    "time_to_first_byte_ms": 0.019577499983824964
  },
  "passed": true,
  "profile_id": "metrics_on"
}
