{
  "certification_platforms": [
    "linux-x86_64-cpython3.11"
  ],
  "deployment_profile": "websocket_http11",
  "failure_reasons": [],
  "lane": "end_to_end_release",
  "live_listener_required": true,
  "metrics": {
    "cpu_seconds": 0.0,
    "error_rate": 0.0,
    "handshake_latency_ms": 0.0,
    "p50_ms": 0.007211000138340751,
    "p95_ms": 0.008868899953995422,
    "p99_9_ms": 0.01467892805840166,
    "p99_ms": 0.012932280092172713,
    "protocol_stalls": 0,
    "rss_kib": 40004.0,
    "scheduler_rejections": 0,
    "throughput_ops_per_sec": 109609.97635930144,
    "time_to_first_byte_ms": 0.007211000138340751
  },
  "passed": true,
  "profile_id": "ws_http11"
}
