{
  "certification_platforms": [
    "linux-x86_64-cpython3.11"
  ],
  "deployment_profile": "http3_quic",
  "failure_reasons": [],
  "lane": "end_to_end_release",
  "live_listener_required": true,
  "metrics": {
    "cpu_seconds": 0.0,
    "error_rate": 0.0,
    "handshake_latency_ms": 0.0540529999852879,
    "p50_ms": 0.0540529999852879,
    "p95_ms": 0.06370520002292324,
    "p99_9_ms": 0.06460856402873105,
    "p99_ms": 0.06444264002766431,
    "protocol_stalls": 60,
    "rss_kib": 40004.0,
    "scheduler_rejections": 0,
    "throughput_ops_per_sec": 17078.78729175156,
    "time_to_first_byte_ms": 0.0540529999852879
  },
  "passed": true,
  "profile_id": "http3_loss_jitter"
}
