{
  "certification_platforms": [
    "linux-x86_64-cpython3.11"
  ],
  "deployment_profile": "http3_quic_mtls",
  "failure_reasons": [],
  "lane": "end_to_end_release",
  "live_listener_required": true,
  "metrics": {
    "cpu_seconds": 0.0,
    "error_rate": 0.0,
    "handshake_latency_ms": 0.17462300002080156,
    "p50_ms": 0.17462300002080156,
    "p95_ms": 0.19068289992674178,
    "p99_9_ms": 0.19713825794383413,
    "p99_ms": 0.1959525799406947,
    "protocol_stalls": 0,
    "rss_kib": 40004.0,
    "scheduler_rejections": 0,
    "throughput_ops_per_sec": 5617.229615904822,
    "time_to_first_byte_ms": 0.17462300002080156
  },
  "passed": true,
  "profile_id": "mtls_handshake"
}
