{
  "certification_platforms": [
    "linux-x86_64-cpython3.11"
  ],
  "deployment_profile": "http1_baseline",
  "failure_reasons": [],
  "lane": "component_regression",
  "live_listener_required": false,
  "metrics": {
    "cpu_seconds": 0.0,
    "error_rate": 0.0,
    "handshake_latency_ms": 0.0,
    "p50_ms": 0.00027250007406109944,
    "p95_ms": 0.0004772499551108922,
    "p99_9_ms": 0.0006953420522677347,
    "p99_ms": 0.000617419998434343,
    "protocol_stalls": 0,
    "rss_kib": 40004.0,
    "scheduler_rejections": 0,
    "throughput_ops_per_sec": 607708.7847056875,
    "time_to_first_byte_ms": 0.00027250007406109944
  },
  "passed": true,
  "profile_id": "metrics_off"
}
