{
  "certification_platforms": [
    "linux-x86_64-cpython3.11"
  ],
  "deployment_profile": "http1_baseline",
  "failure_reasons": [],
  "lane": "end_to_end_release",
  "live_listener_required": true,
  "metrics": {
    "cpu_seconds": 0.0,
    "error_rate": 0.0,
    "handshake_latency_ms": 0.0,
    "p50_ms": 0.007252000045809837,
    "p95_ms": 0.012898249951831527,
    "p99_9_ms": 0.014397308133084154,
    "p99_ms": 0.014247080125642242,
    "protocol_stalls": 0,
    "rss_kib": 40004.0,
    "scheduler_rejections": 0,
    "throughput_ops_per_sec": 101638.9277354427,
    "time_to_first_byte_ms": 0.007252000045809837
  },
  "passed": true,
  "profile_id": "http11_baseline"
}
