{
  "certification_platforms": [
    "linux-x86_64-cpython3.11"
  ],
  "deployment_profile": "http1_baseline",
  "failure_reasons": [],
  "lane": "end_to_end_release",
  "live_listener_required": true,
  "metrics": {
    "cpu_seconds": 0.0,
    "error_rate": 0.0,
    "handshake_latency_ms": 0.0,
    "p50_ms": 0.008259499963969574,
    "p95_ms": 0.010564300055193586,
    "p99_9_ms": 0.01766106612694786,
    "p99_ms": 0.016500660108249576,
    "protocol_stalls": 0,
    "rss_kib": 40004.0,
    "scheduler_rejections": 0,
    "throughput_ops_per_sec": 98027.68300473657,
    "time_to_first_byte_ms": 0.008259499963969574
  },
  "passed": true,
  "profile_id": "http11_keepalive"
}
