{
  "certification_platforms": [
    "linux-x86_64-cpython3.11"
  ],
  "deployment_profile": "connect_http11",
  "failure_reasons": [],
  "lane": "end_to_end_release",
  "live_listener_required": true,
  "metrics": {
    "cpu_seconds": 0.0,
    "error_rate": 0.0,
    "handshake_latency_ms": 0.0,
    "p50_ms": 0.004161499987276329,
    "p95_ms": 0.007286249945082089,
    "p99_9_ms": 0.008946079978841231,
    "p99_ms": 0.008559799969134476,
    "protocol_stalls": 0,
    "rss_kib": 40004.0,
    "scheduler_rejections": 0,
    "throughput_ops_per_sec": 151662.98449078927,
    "time_to_first_byte_ms": 0.004161499987276329
  },
  "passed": true,
  "profile_id": "connect_relay_throughput"
}
