{
  "certification_platforms": [
    "linux-x86_64-cpython3.11"
  ],
  "deployment_profile": "http1_baseline",
  "failure_reasons": [],
  "lane": "end_to_end_release",
  "live_listener_required": true,
  "metrics": {
    "cpu_seconds": 0.0,
    "error_rate": 0.0,
    "handshake_latency_ms": 0.0,
    "p50_ms": 0.008325500061800994,
    "p95_ms": 0.013248400159682204,
    "p99_9_ms": 0.06611639490301999,
    "p99_ms": 0.04709394995643376,
    "protocol_stalls": 0,
    "rss_kib": 40004.0,
    "scheduler_rejections": 0,
    "throughput_ops_per_sec": 85492.55468691362,
    "time_to_first_byte_ms": 0.008325500061800994
  },
  "passed": true,
  "profile_id": "http11_keepalive"
}
