{
  "certification_platforms": [
    "linux-x86_64-cpython3.11"
  ],
  "deployment_profile": "tls_ocsp_strict",
  "failure_reasons": [],
  "lane": "end_to_end_release",
  "live_listener_required": true,
  "metrics": {
    "cpu_seconds": 0.0,
    "error_rate": 0.0,
    "handshake_latency_ms": 0.17037749989867734,
    "p50_ms": 0.17037749989867734,
    "p95_ms": 0.18444520002276477,
    "p99_9_ms": 0.1865814039704219,
    "p99_ms": 0.1861890399800359,
    "protocol_stalls": 0,
    "rss_kib": 40004.0,
    "scheduler_rejections": 0,
    "throughput_ops_per_sec": 5750.5800893656815,
    "time_to_first_byte_ms": 0.17037749989867734
  },
  "passed": true,
  "profile_id": "ocsp_strict_mode"
}
