{
  "certification_platforms": [
    "linux-x86_64-cpython3.11"
  ],
  "deployment_profile": "http3_quic_mtls",
  "failure_reasons": [],
  "lane": "end_to_end_release",
  "live_listener_required": true,
  "metrics": {
    "cpu_seconds": 0.0,
    "error_rate": 0.0,
    "handshake_latency_ms": 0.17253149985663185,
    "p50_ms": 0.17253149985663185,
    "p95_ms": 0.18575339998960771,
    "p99_9_ms": 0.188985048006316,
    "p99_ms": 0.18839148000324712,
    "protocol_stalls": 0,
    "rss_kib": 40004.0,
    "scheduler_rejections": 0,
    "throughput_ops_per_sec": 5681.211325364619,
    "time_to_first_byte_ms": 0.17253149985663185
  },
  "passed": true,
  "profile_id": "mtls_handshake"
}
