{
  "certification_platforms": [
    "linux-x86_64-cpython3.11"
  ],
  "deployment_profile": "websocket_http3",
  "failure_reasons": [],
  "lane": "end_to_end_release",
  "live_listener_required": true,
  "metrics": {
    "cpu_seconds": 0.0,
    "error_rate": 0.0,
    "handshake_latency_ms": 0.10412699998596509,
    "p50_ms": 0.10412699998596509,
    "p95_ms": 0.11286064996056666,
    "p99_9_ms": 0.11560205313708138,
    "p99_ms": 0.11509853010466031,
    "protocol_stalls": 0,
    "rss_kib": 40004.0,
    "scheduler_rejections": 0,
    "throughput_ops_per_sec": 9415.841211226047,
    "time_to_first_byte_ms": 0.10412699998596509
  },
  "passed": true,
  "profile_id": "ws_http3"
}
