{
  "certification_platforms": [
    "linux-x86_64-cpython3.11"
  ],
  "deployment_profile": "http2_tls",
  "failure_reasons": [],
  "lane": "end_to_end_release",
  "live_listener_required": true,
  "metrics": {
    "cpu_seconds": 0.0,
    "error_rate": 0.0,
    "handshake_latency_ms": 0.18837300001450785,
    "p50_ms": 0.18837300001450785,
    "p95_ms": 0.21709345007820957,
    "p99_9_ms": 0.2280895889712156,
    "p99_ms": 0.22606988999086752,
    "protocol_stalls": 0,
    "rss_kib": 40004.0,
    "scheduler_rejections": 0,
    "throughput_ops_per_sec": 5112.156452264701,
    "time_to_first_byte_ms": 0.18837300001450785
  },
  "passed": true,
  "profile_id": "http2_tls"
}
