{
  "certification_platforms": [
    "linux-x86_64-cpython3.11"
  ],
  "deployment_profile": "http1_baseline",
  "failure_reasons": [],
  "lane": "component_regression",
  "live_listener_required": false,
  "metrics": {
    "cpu_seconds": 0.010000000000000009,
    "error_rate": 0.0,
    "handshake_latency_ms": 0.0,
    "p50_ms": 0.11595750004289584,
    "p95_ms": 0.14787774987325975,
    "p99_9_ms": 0.16124225494377245,
    "p99_ms": 0.1587875499308211,
    "protocol_stalls": 0,
    "rss_kib": 40004.0,
    "scheduler_rejections": 0,
    "throughput_ops_per_sec": 8496.913071194305,
    "time_to_first_byte_ms": 0.11595750004289584
  },
  "passed": true,
  "profile_id": "logging_on"
}
