{
  "certification_platforms": [
    "linux-x86_64-cpython3.11"
  ],
  "deployment_profile": "http2_cleartext",
  "failure_reasons": [],
  "lane": "end_to_end_release",
  "live_listener_required": true,
  "metrics": {
    "cpu_seconds": 0.010000000000000009,
    "error_rate": 0.0,
    "handshake_latency_ms": 0.0,
    "p50_ms": 1.7028519999939817,
    "p95_ms": 2.1217592500192946,
    "p99_9_ms": 2.347028665062454,
    "p99_ms": 2.305652650054526,
    "protocol_stalls": 0,
    "rss_kib": 40004.0,
    "scheduler_rejections": 0,
    "throughput_ops_per_sec": 56705.82373943457,
    "time_to_first_byte_ms": 1.7028519999939817
  },
  "passed": true,
  "profile_id": "http2_multiplex_100"
}
