{
  "certification_platforms": [
    "linux-x86_64-cpython3.11"
  ],
  "deployment_profile": "connect_http11",
  "failure_reasons": [],
  "lane": "end_to_end_release",
  "live_listener_required": true,
  "metrics": {
    "cpu_seconds": 0.0,
    "error_rate": 0.0,
    "handshake_latency_ms": 0.0,
    "p50_ms": 0.0046804999556115945,
    "p95_ms": 0.009435300023596936,
    "p99_9_ms": 0.013156282068621308,
    "p99_ms": 0.012231820053330015,
    "protocol_stalls": 0,
    "rss_kib": 40004.0,
    "scheduler_rejections": 0,
    "throughput_ops_per_sec": 141663.79398040936,
    "time_to_first_byte_ms": 0.0046804999556115945
  },
  "passed": true,
  "profile_id": "connect_relay_throughput"
}
