{
  "certification_platforms": [
    "linux-x86_64-cpython3.11"
  ],
  "deployment_profile": "http1_baseline",
  "failure_reasons": [],
  "lane": "end_to_end_release",
  "live_listener_required": true,
  "metrics": {
    "cpu_seconds": 0.0,
    "error_rate": 0.0,
    "handshake_latency_ms": 0.0,
    "p50_ms": 0.008417999993071135,
    "p95_ms": 0.009349050037599225,
    "p99_9_ms": 0.01019102499208202,
    "p99_ms": 0.010182250005073001,
    "protocol_stalls": 0,
    "rss_kib": 40004.0,
    "scheduler_rejections": 0,
    "throughput_ops_per_sec": 98288.06755456507,
    "time_to_first_byte_ms": 0.008417999993071135
  },
  "passed": true,
  "profile_id": "http11_baseline"
}
