{
  "certification_platforms": [
    "linux-x86_64-cpython3.11"
  ],
  "deployment_profile": "http2_tls",
  "failure_reasons": [],
  "lane": "end_to_end_release",
  "live_listener_required": true,
  "metrics": {
    "cpu_seconds": 0.0,
    "error_rate": 0.0,
    "handshake_latency_ms": 0.21297350008353533,
    "p50_ms": 0.21297350008353533,
    "p95_ms": 0.24443820005899397,
    "p99_9_ms": 0.25073156405119335,
    "p99_ms": 0.2495756400526261,
    "protocol_stalls": 0,
    "rss_kib": 40004.0,
    "scheduler_rejections": 0,
    "throughput_ops_per_sec": 4618.798973491081,
    "time_to_first_byte_ms": 0.21297350008353533
  },
  "passed": true,
  "profile_id": "http2_tls"
}
