{
  "certification_platforms": [
    "linux-x86_64-cpython3.11"
  ],
  "deployment_profile": "http2_cleartext",
  "failure_reasons": [],
  "lane": "end_to_end_release",
  "live_listener_required": true,
  "metrics": {
    "cpu_seconds": 0.010000000000000009,
    "error_rate": 0.0,
    "handshake_latency_ms": 0.0,
    "p50_ms": 1.675094999995963,
    "p95_ms": 1.730129999896235,
    "p99_9_ms": 1.7352191398222203,
    "p99_ms": 1.7342843998358148,
    "protocol_stalls": 0,
    "rss_kib": 40004.0,
    "scheduler_rejections": 0,
    "throughput_ops_per_sec": 59339.433427431366,
    "time_to_first_byte_ms": 1.675094999995963
  },
  "passed": true,
  "profile_id": "http2_multiplex_100"
}
