{
  "certification_platforms": [
    "linux-x86_64-cpython3.11"
  ],
  "deployment_profile": "http2_tls",
  "failure_reasons": [],
  "lane": "end_to_end_release",
  "live_listener_required": true,
  "metrics": {
    "cpu_seconds": 0.0,
    "error_rate": 0.0,
    "handshake_latency_ms": 0.0012494999737100443,
    "p50_ms": 0.0012494999737100443,
    "p95_ms": 0.0033070999393203238,
    "p99_9_ms": 0.0035721121091683026,
    "p99_ms": 0.0035011200884582654,
    "protocol_stalls": 0,
    "rss_kib": 40004.0,
    "scheduler_rejections": 0,
    "throughput_ops_per_sec": 313725.4906617994,
    "time_to_first_byte_ms": 0.0012494999737100443
  },
  "passed": true,
  "profile_id": "alpn_negotiation_cost"
}
