{
  "certification_platforms": [
    "linux-x86_64-cpython3.11"
  ],
  "deployment_profile": "http1_baseline",
  "failure_reasons": [],
  "lane": "component_regression",
  "live_listener_required": false,
  "metrics": {
    "cpu_seconds": 0.0,
    "error_rate": 0.0,
    "handshake_latency_ms": 0.0,
    "p50_ms": 0.00035749997095990693,
    "p95_ms": 0.0008853001304487384,
    "p99_9_ms": 0.009332492860949105,
    "p99_ms": 0.006519929836485967,
    "protocol_stalls": 0,
    "rss_kib": 40004.0,
    "scheduler_rejections": 0,
    "throughput_ops_per_sec": 439647.40352270054,
    "time_to_first_byte_ms": 0.00035749997095990693
  },
  "passed": true,
  "profile_id": "logging_off"
}
