{
  "certification_platforms": [
    "linux-x86_64-cpython3.11"
  ],
  "deployment_profile": "websocket_http2",
  "failure_reasons": [],
  "lane": "end_to_end_release",
  "live_listener_required": true,
  "metrics": {
    "cpu_seconds": 0.0,
    "error_rate": 0.0,
    "handshake_latency_ms": 0.0,
    "p50_ms": 0.07276350004303822,
    "p95_ms": 0.07418489993824552,
    "p99_9_ms": 0.08464747800348961,
    "p99_ms": 0.08272577999150597,
    "protocol_stalls": 0,
    "rss_kib": 40004.0,
    "scheduler_rejections": 0,
    "throughput_ops_per_sec": 13234.235378953586,
    "time_to_first_byte_ms": 0.07276350004303822
  },
  "passed": true,
  "profile_id": "ws_http2"
}
