{
  "certification_platforms": [
    "linux-x86_64-cpython3.11"
  ],
  "deployment_profile": "websocket_http3",
  "failure_reasons": [],
  "lane": "end_to_end_release",
  "live_listener_required": true,
  "metrics": {
    "cpu_seconds": 0.0,
    "error_rate": 0.0,
    "handshake_latency_ms": 0.09578899994266976,
    "p50_ms": 0.09578899994266976,
    "p95_ms": 0.10030264999159043,
    "p99_9_ms": 0.10927489299706394,
    "p99_ms": 0.10762692999605859,
    "protocol_stalls": 0,
    "rss_kib": 40004.0,
    "scheduler_rejections": 0,
    "throughput_ops_per_sec": 10083.135452719513,
    "time_to_first_byte_ms": 0.09578899994266976
  },
  "passed": true,
  "profile_id": "ws_http3"
}
